date,SPX,EUR,BTC,FTSE
2019-12-31,3230.78,1.12023,7193.6,7542.4
2020-01-01,,1.122083,7200.17,
2020-01-02,3257.85,1.122083,6985.47,7604.3
2020-01-03,3234.85,1.117144,7344.88,7622.4
2020-01-06,3246.28,1.116196,7769.22,7575.3
2020-01-07,3237.18,1.119799,8163.69,7573.9
2020-01-08,3253.05,1.115474,8079.86,7574.9
2020-01-09,3274.7,1.111321,7879.07,7598.1
2020-01-10,3265.35,1.111111,8166.55,7587.9
2020-01-13,3288.13,1.111667,8144.19,7617.6
2020-01-14,3283.15,1.113573,8827.76,7622.4
2020-01-15,3289.29,1.11309,8807.01,7642.8
2020-01-16,3316.81,1.1154,8723.79,7609.8
2020-01-17,3329.62,1.113958,8929.04,7674.6
2020-01-20,,1.109459,8657.64,7651.4
2020-01-21,3320.79,1.109693,8745.89,7610.7
2020-01-22,3321.75,1.108561,8680.88,7571.9
2020-01-23,3325.54,1.109644,8406.52,7507.7
2020-01-24,3295.47,1.105522,8445.43,7586.0
2020-01-27,3243.63,1.102536,8909.82,7412.1
2020-01-28,3276.24,1.101977,9358.59,7480.7
2020-01-29,3273.4,1.102256,9316.63,7483.6
2020-01-30,3283.66,1.101686,9508.99,7382.0
2020-01-31,3225.52,1.102913,9350.53,7286.0
2020-02-03,3248.92,1.108979,9293.52,7326.3
2020-02-04,3297.59,1.106293,9180.96,7439.8
2020-02-05,3334.69,1.104728,9613.42,7482.5
2020-02-06,3345.78,1.100231,9729.8,7504.8
2020-02-07,3327.71,1.098298,9795.94,7466.7
2020-02-10,3352.09,1.094931,9856.61,7446.9
2020-02-11,3357.75,1.091346,10208.24,7499.4
2020-02-12,3379.45,1.091941,10326.05,7534.4
2020-02-13,3373.94,1.087595,10214.38,7452.0
2020-02-14,3380.16,1.084599,10312.12,7409.1
2020-02-17,,1.084175,9690.14,7433.3
2020-02-18,3370.29,1.084011,10142.0,7382.0
2020-02-19,3386.15,1.07954,9633.39,7457.0
2020-02-20,3373.23,1.08101,9608.48,7436.6
2020-02-21,3337.75,1.0788,9686.44,7403.9
2020-02-24,3225.89,1.083905,9650.17,7156.8
2020-02-25,3128.21,1.08492,9341.71,7017.9
2020-02-26,3116.39,1.0882,8820.52,7042.5
2020-02-27,2978.76,1.088589,8784.49,6796.4
2020-02-28,2954.22,1.099723,8672.46,6580.6
2020-03-02,3090.23,1.105131,8869.67,6654.9
2020-03-03,3003.37,1.114405,8787.79,6718.2
2020-03-04,3130.12,1.118068,8755.25,6815.6
2020-03-05,3023.94,1.113908,9078.76,6705.4
2020-03-06,2972.37,1.122385,9122.55,6462.6
2020-03-09,2746.56,1.138602,7923.64,5965.8
2020-03-10,2882.23,1.139796,7909.73,5960.2
2020-03-11,2741.38,1.131651,7911.43,5876.5
2020-03-12,2480.64,1.126152,4970.79,5237.5
2020-03-13,2711.02,1.118493,5563.71,5366.1
2020-03-16,2386.13,1.115536,5014.48,5151.1
2020-03-17,2529.19,1.116321,5225.63,5294.9
2020-03-18,2398.1,1.101552,5238.44,5080.6
2020-03-19,2409.39,1.096155,6191.19,5151.6
2020-03-20,2304.92,1.065735,6198.78,5190.8
2020-03-23,2237.4,1.069439,6416.31,4993.9
2020-03-24,2447.33,1.076461,6734.8,5446.0
2020-03-25,2475.56,1.080264,6681.06,5688.2
2020-03-26,2630.07,1.088957,6716.44,5815.7
2020-03-27,2541.47,1.104826,6469.8,5510.3
2020-03-30,2626.65,1.113908,6429.84,5563.7
2020-03-31,2584.59,1.103047,6438.64,5672.0
2020-04-01,2470.5,1.102657,6606.78,5454.6
2020-04-02,2526.9,1.095362,6793.62,5480.2
2020-04-03,2488.65,1.08474,6733.39,5415.5
2020-04-06,2663.68,1.080696,7271.78,5582.4
2020-04-07,2659.41,1.08038,7176.41,5704.5
2020-04-08,2749.98,1.089514,7334.1,5677.7
2020-04-09,2789.82,1.086366,7302.09,5842.7
2020-04-10,,1.092741,6865.49,
2020-04-13,2761.63,1.093267,6845.04,
2020-04-14,2846.06,1.092299,6842.43,5791.3
2020-04-15,2783.36,1.098539,6642.11,5597.7
2020-04-16,2799.55,1.09051,7116.8,5628.4
2020-04-17,2874.56,1.085847,7096.18,5787.0
2020-04-20,2823.16,1.086697,6881.96,5812.8
2020-04-21,2736.56,1.086484,6880.32,5641.0
2020-04-22,2799.31,1.085647,7117.21,5770.6
2020-04-23,2797.8,1.080964,7429.72,5826.6
2020-04-24,2836.74,1.077702,7550.9,5752.2
2020-04-27,2878.48,1.082368,7795.6,5846.8
2020-04-28,2863.39,1.082485,7807.06,5958.5
2020-04-29,2939.51,1.083658,8801.04,6115.3
2020-04-30,2912.43,1.087725,8658.55,5901.2
2020-05-01,2830.71,1.094547,8864.77,5763.1
2020-05-04,2842.74,1.095963,8912.65,5753.8
2020-05-05,2868.44,1.090429,9003.07,5849.4
2020-05-06,2848.42,1.083858,9268.76,5853.8
2020-05-07,2881.19,1.079855,9951.52,5936.0
2020-05-08,2929.8,1.083717,9842.67,
2020-05-11,2930.19,1.083952,8601.8,5939.7
2020-05-12,2870.12,1.080941,8804.48,5994.8
2020-05-13,2820.0,1.084681,9269.99,5904.1
2020-05-14,2852.5,1.082368,9733.72,5741.5
2020-05-15,2863.7,1.080696,9328.2,5799.8
2020-05-18,2953.91,1.082134,9726.58,6048.6
2020-05-19,2922.94,1.091512,9729.04,6002.2
2020-05-20,2971.61,1.092777,9522.98,6067.2
2020-05-21,2948.51,1.098298,9081.76,6015.3
2020-05-22,2955.45,1.09529,9182.58,5993.3
2020-05-25,,1.09078,8906.93,
2020-05-26,2991.77,1.0903,8835.05,6067.8
2020-05-27,3036.13,1.098177,9181.02,6144.3
2020-05-28,3029.73,1.101686,9525.75,6218.8
2020-05-29,3044.31,1.107911,9439.12,6076.6
2020-06-01,3055.73,1.111852,10167.27,6166.4
2020-06-02,3080.82,1.112595,9529.8,6220.1
2020-06-03,3122.87,1.118944,9656.72,6382.4
2020-06-04,3112.35,1.123595,9800.64,6341.4
2020-06-05,3193.93,1.133787,9665.53,6484.3
2020-06-08,3232.39,1.131952,9771.49,6472.6
2020-06-09,3207.18,1.130557,9795.7,6335.7
2020-06-10,3190.14,1.133222,9870.09,6329.1
2020-06-11,3002.1,1.136544,9321.78,6076.7
2020-06-12,3041.31,1.128808,9480.84,6105.2
2020-06-15,3066.59,1.125201,9450.7,6064.7
2020-06-16,3124.74,1.133774,9538.02,6242.8
2020-06-17,3113.49,1.12657,9480.25,6253.3
2020-06-18,3115.34,1.12429,9411.84,6224.1
2020-06-19,3097.74,1.1211,9288.02,6292.6
2020-06-22,3117.86,1.117756,9648.72,6244.6
2020-06-23,3131.29,1.127968,9629.66,6320.1
2020-06-24,3050.33,1.131235,9313.61,6123.7
2020-06-25,3083.76,1.125087,9264.81,6147.1
2020-06-26,3009.05,1.122208,9162.92,6159.3
2020-06-29,3053.24,1.122586,9190.85,6225.8
2020-06-30,3100.29,1.12472,9137.99,6169.7
2020-07-01,3115.86,1.123595,9228.33,6158.0
2020-07-02,3130.01,1.125138,9123.41,6240.4
2020-07-03,,1.123785,9087.3,6157.3
2020-07-06,3179.72,1.12472,9375.47,6285.9
2020-07-07,3145.32,1.131286,9252.28,6189.9
2020-07-08,3169.94,1.127523,9428.33,6156.2
2020-07-09,3152.05,1.133915,9277.97,6049.6
2020-07-10,3185.04,1.128796,9278.81,6095.4
2020-07-13,3155.22,1.131004,9243.61,6176.2
2020-07-14,3197.52,1.13455,9243.21,6179.8
2020-07-15,3226.56,1.14107,9192.84,6292.7
2020-07-16,3215.57,1.141719,9132.23,6250.7
2020-07-17,3224.73,1.139212,9151.39,6290.3
2020-07-20,3251.84,1.144296,9164.23,6261.5
2020-07-21,3257.3,1.145869,9374.89,6269.7
2020-07-22,3276.02,1.153403,9525.36,6207.1
2020-07-23,3235.66,1.156872,9581.07,6211.4
2020-07-24,3215.63,1.159608,9536.89,6123.8
2020-07-27,3239.41,1.165257,10990.87,6104.9
2020-07-28,3218.44,1.176928,10912.82,6129.3
2020-07-29,3258.44,1.17188,11100.47,6131.5
2020-07-30,3246.22,1.178287,11111.21,5990.0
2020-07-31,3271.12,1.187225,11323.47,5897.8
2020-08-03,3294.61,1.178231,11246.35,6032.9
2020-08-04,3306.51,1.176332,11205.89,6036.0
2020-08-05,3327.77,1.181544,11747.02,6104.7
2020-08-06,3349.16,1.187282,11779.77,6026.9
2020-08-07,3351.28,1.187648,11601.47,6032.2
2020-08-10,3360.47,1.178273,11878.11,6050.6
2020-08-11,3333.69,1.173778,11410.53,6154.3
2020-08-12,3380.35,1.173654,11584.93,6280.1
2020-08-13,3373.43,1.17938,11784.14,6185.6
2020-08-14,3372.85,1.181656,11768.87,6090.0
2020-08-17,3381.99,1.185255,12254.4,6127.4
2020-08-18,3389.78,1.187648,11991.23,6076.6
2020-08-19,3374.85,1.194786,11758.28,6112.0
2020-08-20,3385.51,1.18435,11878.37,6013.3
2020-08-21,3397.16,1.187366,11592.49,6001.9
2020-08-24,3431.28,1.179802,11774.6,6104.7
2020-08-25,3443.62,1.179454,11366.13,6037.0
2020-08-26,3478.73,1.183502,11488.36,6045.6
2020-08-27,3484.55,1.184273,11323.4,6000.0
2020-08-28,3508.01,1.181963,11542.5,5963.6
2020-08-31,3500.31,1.191824,11680.82,
2020-09-01,3526.65,1.193902,11970.48,5862.1
2020-09-02,3580.84,1.192321,11414.03,5941.0
2020-09-03,3455.06,1.184736,10245.3,5850.9
2020-09-04,3426.96,1.183978,10511.81,5799.1
2020-09-07,,1.183446,10369.56,5937.4
2020-09-08,3331.84,1.182173,10131.52,5930.3
2020-09-09,3398.96,1.177024,10242.35,6012.8
2020-09-10,3339.19,1.180638,10363.14,6003.3
2020-09-11,3340.97,1.182438,10400.92,6032.1
2020-09-14,3383.54,1.184273,10680.84,6026.3
2020-09-15,3401.2,1.187,10796.95,6105.5
2020-09-16,3385.49,1.184441,10974.91,6078.5
2020-09-17,3357.01,1.180345,10948.99,6049.9
2020-09-18,3319.47,1.18482,10944.59,6007.1
2020-09-21,3281.06,1.184553,10462.26,5804.3
2020-09-22,3315.57,1.1768,10538.46,5829.5
2020-09-23,3236.92,1.170837,10246.19,5899.3
2020-09-24,3246.59,1.165854,10760.07,5822.8
2020-09-25,3298.46,1.167324,10692.72,5842.7
2020-09-28,3351.6,1.163535,10709.65,5927.9
2020-09-29,3335.47,1.167883,10844.64,5897.5
2020-09-30,3363.0,1.174205,10784.49,5866.1
2020-10-01,3380.8,1.172608,10619.45,5879.5
2020-10-02,3348.42,1.174495,10575.97,5902.1
2020-10-05,3408.6,1.172044,10793.34,5942.9
2020-10-06,3360.97,1.179245,10604.41,5949.9
2020-10-07,3419.44,1.173764,10668.97,5946.3
2020-10-08,3446.83,1.176747,10915.69,5978.0
2020-10-09,3477.14,1.1767,11064.46,6016.7
2020-10-12,3534.22,1.181684,11555.36,6001.4
2020-10-13,3511.93,1.181614,11425.9,5969.7
2020-10-14,3488.67,1.174219,11429.51,5935.1
2020-10-15,3483.34,1.174398,11495.35,5832.5
2020-10-16,3483.81,1.170713,11322.12,5919.6
2020-10-19,3426.92,1.17155,11742.04,5884.7
2020-10-20,3443.12,1.176886,11916.33,5889.2
2020-10-21,3435.56,1.182984,12823.69,5776.5
2020-10-22,3453.49,1.185396,12965.89,5785.7
2020-10-23,3465.39,1.181502,12931.54,5860.3
2020-10-26,3400.97,1.184848,13075.25,5792.0
2020-10-27,3390.68,1.180944,13654.22,5729.0
2020-10-28,3271.03,1.178411,13271.29,5582.8
2020-10-29,3310.11,1.174867,13437.88,5581.8
2020-10-30,3269.96,1.16787,13546.52,5577.3
2020-11-02,3310.24,1.164212,13550.49,5655.0
2020-11-03,3369.16,1.16428,13950.3,5786.8
2020-11-04,3443.44,1.176221,14133.71,5883.3
2020-11-05,3510.45,1.173268,15579.85,5906.2
2020-11-06,3509.44,1.181754,15565.88,5910.0
2020-11-09,3550.5,1.189301,15332.32,6186.3
2020-11-10,3545.53,1.182732,15290.9,6296.9
2020-11-11,3572.66,1.181879,15701.34,6382.1
2020-11-12,3537.01,1.17803,16276.34,6338.9
2020-11-13,3585.15,1.180339,16317.81,6316.4
2020-11-16,3626.91,1.184525,16716.11,6421.3
2020-11-17,3609.53,1.185944,17645.41,6365.3
2020-11-18,3567.79,1.186366,17804.01,6385.2
2020-11-19,3581.87,1.184764,17817.09,6334.4
2020-11-20,3557.54,1.186648,18621.31,6351.5
2020-11-23,3577.59,1.186648,18364.12,6333.8
2020-11-24,3635.41,1.184273,19107.46,6432.2
2020-11-25,3629.65,1.190051,18732.12,6391.1
2020-11-26,,1.192,17150.62,6362.9
2020-11-27,3638.35,1.1916,17108.4,6367.6
2020-11-30,3621.63,1.197146,19625.84,6266.2
2020-12-01,3662.45,1.193816,18803.0,6384.7
2020-12-02,3669.01,1.207438,19201.09,6463.4
2020-12-03,3666.72,1.21146,19445.4,6490.3
2020-12-04,3699.12,1.214565,18699.77,6550.2
2020-12-07,3691.96,1.212136,19191.63,6555.4
2020-12-08,3702.25,1.211314,18321.14,6558.8
2020-12-09,3672.82,1.211094,18553.92,6564.3
2020-12-10,3668.1,1.207875,18264.99,6599.8
2020-12-11,3663.46,1.214429,18058.9,6546.8
2020-12-14,3647.49,1.21334,19246.64,6531.8
2020-12-15,3694.62,1.21489,19417.08,6513.3
2020-12-16,3701.17,1.21543,21310.6,6570.9
2020-12-17,3722.48,1.219959,22805.16,6551.1
2020-12-18,3709.41,1.226272,23137.96,6529.2
2020-12-21,3694.92,1.221613,22803.08,6416.3
2020-12-22,3687.26,1.223691,23783.03,
2020-12-23,3690.01,1.218665,23241.35,6495.8
2020-12-24,3703.06,1.219141,23735.95,6502.1
2020-12-25,,1.218472,24664.79,
2020-12-28,3735.36,1.22051,27084.81,
2020-12-29,3727.04,1.222345,27362.44,6602.7
2020-12-30,3732.04,1.225295,28840.95,6555.8
2020-12-31,3756.07,1.22999,29001.72,6460.5
2021-01-01,,1.218027,29374.15,
2021-01-04,3700.65,1.22507,31971.91,6571.9
2021-01-05,3726.86,1.22516,33992.43,6612.3
2021-01-06,3748.14,1.230027,36824.36,6841.9
2021-01-07,3803.79,1.234111,39371.04,6857.0
2021-01-08,3824.68,1.227144,40797.61,6873.3
2021-01-11,3799.61,1.218621,35566.66,6798.5
2021-01-12,3801.19,1.21607,33922.96,6754.1
2021-01-13,3809.84,1.220889,37316.36,6745.5
2021-01-14,3795.54,1.216249,39187.33,6802.0
2021-01-15,3768.25,1.215126,36825.37,6735.7
2021-01-18,,1.206811,36630.07,6720.7
2021-01-19,3798.91,1.207729,36069.8,6713.0
2021-01-20,3851.85,1.213887,35547.75,6740.4
2021-01-21,3853.07,1.211563,30825.7,6715.4
2021-01-22,3841.47,1.216629,33005.76,6695.1
2021-01-25,3855.36,1.216945,32366.39,6638.9
2021-01-26,3849.62,1.214624,32569.85,6654.0
2021-01-27,3750.77,1.216299,30432.55,6567.4
2021-01-28,3787.38,1.210507,33466.1,6526.2
2021-01-29,3714.24,1.212004,34316.39,6407.5
2021-02-01,3773.86,1.212386,33537.18,6466.4
2021-02-02,3826.31,1.206869,35510.29,6516.7
2021-02-03,3830.17,1.203905,37472.09,6507.8
2021-02-04,3871.74,1.204239,36926.07,6503.7
2021-02-05,3886.83,1.196673,38144.31,6489.3
2021-02-08,3915.59,1.204877,46196.46,6523.5
2021-02-09,3911.23,1.20536,46481.11,6531.6
2021-02-10,3909.88,1.211999,44918.18,6524.4
2021-02-11,3916.38,1.212121,47909.33,6528.7
2021-02-12,3934.83,1.213151,47504.85,6589.8
2021-02-15,,1.212209,47945.06,6756.1
2021-02-16,3932.59,1.21322,49199.87,6748.9
2021-02-17,3931.33,1.209248,52149.01,6710.9
2021-02-18,3913.97,1.2048,51679.8,6617.2
2021-02-19,3906.71,1.20919,55888.13,6624.0
2021-02-22,3876.5,1.212636,54207.32,6612.2
2021-02-23,3881.37,1.21668,48824.43,6625.9
2021-02-24,3925.43,1.215214,49705.33,6659.0
2021-02-25,3829.34,1.217137,47093.85,6652.0
2021-02-26,3811.15,1.216042,46339.76,6483.4
2021-03-01,3901.82,1.208956,49631.24,6588.5
2021-03-02,3870.29,1.20511,48378.99,6613.8
2021-03-03,3819.72,1.208547,50538.24,6675.5
2021-03-04,3768.47,1.205066,48561.17,6650.9
2021-03-05,3841.94,1.196774,48927.3,6630.5
2021-03-08,3821.35,1.192563,52246.52,6719.1
2021-03-09,3875.44,1.185171,54824.12,6730.3
2021-03-10,3898.81,1.189791,56008.55,6725.6
2021-03-11,3939.34,1.192606,57805.12,6737.0
2021-03-12,3943.34,1.19861,57332.09,6761.5
2021-03-15,3968.94,1.195,55907.2,6749.7
2021-03-16,3962.71,1.192577,56804.9,6803.6
2021-03-17,3974.12,1.190165,58870.89,6762.7
2021-03-18,3915.46,1.198279,57858.92,6779.7
2021-03-19,3913.1,1.191824,58346.65,6708.7
2021-03-22,3940.59,1.188312,54529.14,6726.1
2021-03-23,3910.52,1.193303,54738.95,6699.2
2021-03-24,3889.14,1.184021,52774.27,6712.9
2021-03-25,3909.52,1.181307,51704.16,6674.8
2021-03-26,3974.54,1.177662,55137.31,6740.6
2021-03-29,3971.09,1.1788,57750.2,6736.2
2021-03-30,3958.55,1.177101,58917.69,6772.1
2021-03-31,3972.89,1.17236,58918.83,6713.6
2021-04-01,4019.87,1.172883,59095.81,6737.3
2021-04-02,,1.177995,59384.31,
2021-04-05,4077.91,1.176817,59057.88,
2021-04-06,4073.94,1.181893,58192.36,6823.6
2021-04-07,4079.95,1.187423,56048.94,6885.3
2021-04-08,4097.17,1.187366,58323.95,6942.2
2021-04-09,4128.8,1.191568,58245.0,6915.8
2021-04-12,4127.99,1.190051,59893.45,6889.1
2021-04-13,4141.59,1.191469,63503.46,6890.5
2021-04-14,4124.66,1.195414,63109.7,6939.6
2021-04-15,4170.42,1.19861,63314.01,6983.5
2021-04-16,4185.47,1.197175,61572.79,7019.5
2021-04-19,4163.26,1.196945,55724.27,7000.1
2021-04-20,4134.94,1.204529,56473.03,6859.9
2021-04-21,4173.42,1.203239,53906.09,6895.3
2021-04-22,4134.98,1.203775,51762.27,6938.2
2021-04-23,4180.17,1.201475,51093.65,6938.6
2021-04-26,4187.62,1.208985,54021.75,6963.1
2021-04-27,4186.72,1.208167,55033.12,6945.0
2021-04-28,4183.18,1.209031,54824.7,6963.7
2021-04-29,4211.47,1.213592,53555.11,6961.5
2021-04-30,4181.17,1.212709,57750.18,6969.8
2021-05-03,4192.66,1.202776,57200.29,
2021-05-04,4164.66,1.206127,53333.54,6923.2
2021-05-05,4167.59,1.201504,57424.01,7039.3
2021-05-06,4201.62,1.200797,56396.52,7076.2
2021-05-07,4232.6,1.206855,57356.4,7129.7
2021-05-10,4188.43,1.217108,55859.8,7123.7
2021-05-11,4152.1,1.214093,56704.57,6948.0
2021-05-12,4063.04,1.21445,49150.54,7004.6
2021-05-13,4112.5,1.207851,49716.19,6963.3
2021-05-14,4173.85,1.207729,49880.54,7043.6
2021-05-17,4163.29,1.215037,43537.51,7032.9
2021-05-18,4127.83,1.215687,42909.4,7034.2
2021-05-19,4115.68,1.2224,37002.44,6950.2
2021-05-20,4159.12,1.217285,40782.74,7019.8
2021-05-21,4155.86,1.222539,37304.69,7018.1
2021-05-24,4197.05,1.218324,38705.98,7051.6
2021-05-25,4188.13,1.221464,38402.22,7029.8
2021-05-26,4195.99,1.224909,39294.2,7026.9
2021-05-27,4200.88,1.21926,38436.97,7019.7
2021-05-28,4204.11,1.219319,35697.61,7022.6
2021-05-31,,1.219007,37332.86,
2021-06-01,4202.04,1.223287,36684.93,7080.5
2021-06-02,4208.12,1.221777,37575.18,7108.0
2021-06-03,4192.85,1.220986,39208.77,7064.4
2021-06-04,4229.89,1.213301,36894.41,7069.0
2021-06-07,4226.52,1.216841,33560.71,7077.2
2021-06-08,4227.26,1.219363,33472.63,7095.1
2021-06-09,4219.55,1.217285,37345.12,7081.0
2021-06-10,4239.18,1.2182,36702.6,7088.2
2021-06-11,4247.44,1.217256,37334.4,7134.1
2021-06-14,4255.15,1.21102,40218.48,7146.7
2021-06-15,4246.59,1.212224,40406.27,7172.5
2021-06-16,4223.7,1.212709,38347.06,7185.0
2021-06-17,4221.86,1.199559,38053.5,7153.4
2021-06-18,4166.45,1.191341,35787.25,7017.5
2021-06-21,4224.79,1.187366,31676.69,7062.3
2021-06-22,4246.44,1.191256,32505.66,7090.0
2021-06-23,4241.84,1.193673,33723.03,7074.1
2021-06-24,4266.49,1.193317,34662.44,7110.0
2021-06-25,4280.7,1.193033,31637.78,7136.1
2021-06-28,4290.61,1.194215,34434.34,7073.0
2021-06-29,4291.8,1.19289,35867.78,7087.6
2021-06-30,4297.5,1.190193,35040.84,7037.5
2021-07-01,4319.94,1.185677,33572.12,7125.2
2021-07-02,4352.34,1.184624,33897.05,7123.3
2021-07-05,,1.185621,33746.0,7164.9
2021-07-06,4343.54,1.18638,34235.2,7100.9
2021-07-07,4358.13,1.182452,33855.33,7151.0
2021-07-08,4320.82,1.17934,32877.37,7030.7
2021-07-09,4369.55,1.1848,33798.01,7121.9
2021-07-12,4384.63,1.187296,33155.85,7125.4
2021-07-13,4369.21,1.186521,32702.03,7124.7
2021-07-14,4374.3,1.177537,32822.35,7091.2
2021-07-15,4360.03,1.183334,31780.73,7012.0
2021-07-16,4327.16,1.181181,31421.54,7008.1
2021-07-19,4258.49,1.181401,30817.83,6844.4
2021-07-20,4323.06,1.179384,29807.35,6881.1
2021-07-21,4358.69,1.178411,32110.69,6998.3
2021-07-22,4367.48,1.179273,32313.11,6968.3
2021-07-23,4411.79,1.177274,33581.55,7027.6
2021-07-26,4422.3,1.177343,37337.54,7025.4
2021-07-27,4401.46,1.180777,39406.94,6996.1
2021-07-28,4400.64,1.182313,39995.91,7016.6
2021-07-29,4419.15,1.184596,40008.42,7078.4
2021-07-30,4395.26,1.1893,42235.55,7032.3
2021-08-02,4387.16,1.186704,39201.95,7081.7
2021-08-03,4423.15,1.187465,38152.98,7105.7
2021-08-04,4402.66,1.186944,39747.5,7123.9
2021-08-05,4429.1,1.18374,40869.55,7120.4
2021-08-06,4436.52,1.183572,42816.5,7123.0
2021-08-09,4432.35,1.17495,46365.4,7132.3
2021-08-10,4436.75,1.173847,45585.03,7161.0
2021-08-11,4442.41,1.172333,45593.64,7220.1
2021-08-12,4460.83,1.17419,44428.29,7193.2
2021-08-13,4468.0,1.173626,47793.32,7218.7
2021-08-16,4479.71,1.179468,46004.48,7154.0
2021-08-17,4448.08,1.177995,44695.36,7181.1
2021-08-18,4400.27,1.170974,44801.19,7169.3
2021-08-19,4405.8,1.17033,46717.58,7058.9
2021-08-20,4441.67,1.16766,49339.18,7087.9
2021-08-23,4479.53,1.169755,49546.15,7109.0
2021-08-24,4486.23,1.174453,47706.12,7125.8
2021-08-25,4496.19,1.175309,48960.79,7150.1
2021-08-26,4470.0,1.17744,46942.22,7125.0
2021-08-27,4509.37,1.175641,49058.67,7148.0
2021-08-30,4528.79,1.179901,47054.98,
2021-08-31,4522.68,1.17969,47166.69,7119.7
2021-09-01,4524.09,1.181028,48847.03,7149.8
2021-09-02,4536.95,1.184091,49327.72,7163.9
2021-09-03,4535.43,1.187648,50025.38,7138.4
2021-09-06,,1.188594,52633.54,7187.2
2021-09-07,4520.03,1.187507,46811.13,7149.4
2021-09-08,4514.07,1.184357,46091.39,7095.5
2021-09-09,4493.28,1.18191,46391.42,7024.2
2021-09-10,4458.58,1.182592,44883.91,7029.2
2021-09-13,4468.73,1.181195,44963.07,7068.4
2021-09-14,4443.05,1.181195,47092.49,7034.1
2021-09-15,4480.7,1.180498,48176.35,7016.5
2021-09-16,4473.75,1.182,47783.36,7027.5
2021-09-17,4432.99,1.176747,47267.52,6963.6
2021-09-20,4357.73,1.172993,42843.8,6903.9
2021-09-21,4354.19,1.17302,40693.68,6981.0
2021-09-22,4395.64,1.172292,43574.51,7083.4
2021-09-23,4448.98,1.16877,44895.1,7078.4
2021-09-24,4455.48,1.174026,42839.75,7051.5
2021-09-27,4443.11,1.172305,42235.73,7063.4
2021-09-28,4352.63,1.16968,41034.54,7028.1
2021-09-29,4359.46,1.168634,41564.36,7108.2
2021-09-30,4307.54,1.16016,43790.89,7086.4
2021-10-01,4357.04,1.157448,48116.94,7027.1
2021-10-04,4300.46,1.160726,49112.9,7011.0
2021-10-05,4345.72,1.161845,51514.81,7077.1
2021-10-06,4363.55,1.159608,55361.45,6995.9
2021-10-07,4399.76,1.155535,53805.98,7078.0
2021-10-08,4391.34,1.155976,53967.85,7095.6
2021-10-11,4361.19,1.156604,57484.79,7146.9
2021-10-12,4350.65,1.155375,56041.06,7130.2
2021-10-13,4363.8,1.153403,57401.1,7141.8
2021-10-14,4438.26,1.159958,57321.52,7207.7
2021-10-15,4471.37,1.159152,61593.95,7234.0
2021-10-18,4486.46,1.159703,62026.08,7203.8
2021-10-19,4519.63,1.161386,64261.99,7217.5
2021-10-20,4536.19,1.163196,65992.84,7223.1
2021-10-21,4549.78,1.165501,62210.17,7190.3
2021-10-22,4544.9,1.162534,60692.27,7204.6
2021-10-25,4566.48,1.164009,63039.82,7222.8
2021-10-26,4574.79,1.16117,60363.79,7277.6
2021-10-27,4551.68,1.159824,58482.39,7253.3
2021-10-28,4596.42,1.160012,60622.14,7249.5
2021-10-29,4605.38,1.168361,62227.96,7237.6
2021-11-01,4613.67,1.155668,61004.41,7288.6
2021-11-02,4630.65,1.159958,63226.4,7274.8
2021-11-03,4660.57,1.157943,62970.05,7248.9
2021-11-04,4680.06,1.161575,61452.23,7279.9
2021-11-05,4697.53,1.155535,61125.68,7304.0
2021-11-08,4701.7,1.156885,67566.83,7300.4
2021-11-09,4685.25,1.159152,66971.83,7274.0
2021-11-10,4646.71,1.159555,64995.23,7340.2
2021-11-11,4649.27,1.148594,64949.96,7384.2
2021-11-12,4682.85,1.145082,64155.94,7347.9
2021-11-15,4682.8,1.144165,63557.87,7351.9
2021-11-16,4700.9,1.136648,60161.25,7327.0
2021-11-17,4688.67,1.132118,60368.01,7291.2
2021-11-18,4704.54,1.132118,56942.14,7256.0
2021-11-19,4697.96,1.136842,58119.58,7223.6
2021-11-22,4682.94,1.127574,56289.29,7255.5
2021-11-23,4690.7,1.124215,57569.07,7266.7
2021-11-24,4701.46,1.124493,56280.43,7286.3
2021-11-25,,1.120298,57274.68,7310.4
2021-11-26,4594.62,1.120963,53569.77,7044.0
2021-11-29,4655.27,1.129318,57806.57,7110.0
2021-11-30,4567.0,1.129344,57005.43,7059.5
2021-12-01,4513.04,1.133029,57229.83,7168.7
2021-12-02,4577.1,1.131952,56477.82,7129.2
2021-12-03,4538.43,1.130621,53598.25,7122.3
2021-12-06,4591.67,1.13048,50582.62,7232.3
2021-12-07,4686.75,1.128668,50700.09,7339.9
2021-12-08,4701.21,1.12765,50504.8,7337.4
2021-12-09,4667.45,1.134559,47672.12,7321.3
2021-12-10,4712.02,1.129331,47243.3,7291.8
2021-12-13,4668.97,1.131183,46737.48,7231.4
2021-12-14,4634.09,1.128541,46612.63,7218.6
2021-12-15,4709.85,1.126126,48896.72,7170.8
2021-12-16,4668.67,1.129076,47665.43,7260.6
2021-12-17,4620.64,1.133414,46202.14,7269.9
2021-12-20,4568.02,1.124354,46880.28,7198.0
2021-12-21,4649.23,1.127752,48936.61,7297.4
2021-12-22,4696.56,1.128757,48628.51,7341.7
2021-12-23,4725.79,1.132888,50784.54,7373.3
2021-12-24,,1.132734,50822.2,7372.1
2021-12-27,4791.19,1.132426,50640.42,
2021-12-28,4786.35,1.133003,47588.86,
2021-12-29,4793.06,1.131478,46444.71,7420.7
2021-12-30,4778.73,1.136015,47178.12,7403.0
2021-12-31,4766.18,1.132503,46306.45,7384.5
2022-01-03,4796.56,1.137346,46458.12,
2022-01-04,4793.54,1.130224,45897.57,7505.2
2022-01-05,4700.58,1.128363,43569.0,7516.9
2022-01-06,4696.05,1.13135,43160.93,7450.4
2022-01-07,4677.03,1.129688,41557.9,7485.3
2022-01-10,4670.29,1.135396,41821.26,7445.3
2022-01-11,4713.07,1.133042,42735.86,7491.4
2022-01-12,4726.35,1.136648,43949.1,7551.7
2022-01-13,4659.03,1.144165,42591.57,7563.9
2022-01-14,4662.85,1.145712,43099.7,7543.0
2022-01-17,,1.14107,42250.55,7611.2
2022-01-18,4577.11,1.141057,42375.63,7563.6
2022-01-19,4532.76,1.132965,41744.33,7589.7
2022-01-20,4482.73,1.13434,40680.42,7585.0
2022-01-21,4397.94,1.131375,36457.32,7494.1
2022-01-24,4410.13,1.134147,36654.33,7297.2
2022-01-25,4356.45,1.132413,36954.0,7371.5
2022-01-26,4349.93,1.130454,36852.12,7469.8
2022-01-27,4326.51,1.124354,37138.23,7554.3
2022-01-28,4431.85,1.114703,37784.33,7466.1
2022-01-31,4515.55,1.115237,38483.12,7464.4
2022-02-01,4546.54,1.122965,38743.27,7535.8
2022-02-02,4589.38,1.127396,36952.98,7583.0
2022-02-03,4477.44,1.129995,37154.6,7528.8
2022-02-04,4500.53,1.143576,41500.88,7516.4
2022-02-07,4483.87,1.145515,43840.29,7573.5
2022-02-08,4521.54,1.144296,44118.45,7567.1
2022-02-09,4587.18,1.142126,44338.8,7643.4
2022-02-10,4504.08,1.142152,43565.11,7672.4
2022-02-11,4418.64,1.141553,42407.94,7661.0
2022-02-14,4401.67,1.136506,42586.92,7531.6
2022-02-15,4471.07,1.130633,44575.2,7608.9
2022-02-16,4475.01,1.13568,43961.86,7603.8
2022-02-17,4380.26,1.137527,40538.01,7537.4
2022-02-18,4348.87,1.136648,40030.98,7513.6
2022-02-21,,1.131721,37075.28,7484.3
2022-02-22,4304.76,1.130966,38286.03,7494.2
2022-02-23,4225.5,1.132913,37296.57,7498.2
2022-02-24,4288.7,1.130569,38332.61,7207.0
2022-02-25,4384.65,1.119069,39214.22,7489.5
2022-02-28,4373.94,1.118105,43193.23,7458.3
2022-03-01,4306.26,1.121592,44354.64,7330.2
2022-03-02,4386.54,1.113276,43924.12,7429.6
2022-03-03,4363.49,1.111235,42451.79,7238.9
2022-03-04,4328.87,1.106684,39137.61,6987.1
2022-03-07,4201.09,1.087453,38062.04,6959.5
2022-03-08,4170.7,1.086531,38737.27,6964.1
2022-03-09,4277.88,1.089823,41982.93,7190.7
2022-03-10,4259.52,1.107383,39437.46,7099.1
2022-03-11,4204.31,1.101394,38794.97,7155.6
2022-03-14,4173.11,1.093207,39666.75,7193.5
2022-03-15,4262.45,1.094319,39338.79,7175.7
2022-03-16,4357.86,1.096936,41143.93,7291.7
2022-03-17,4411.67,1.102196,40951.38,7385.3
2022-03-18,4463.12,1.109952,41801.16,7404.7
2022-03-21,4461.18,1.104313,41078.0,7442.4
2022-03-22,4511.61,1.101722,42358.81,7476.7
2022-03-23,4456.24,1.102974,42892.96,7460.6
2022-03-24,4520.16,1.100631,43960.93,7467.4
2022-03-25,4543.06,1.100958,44348.73,7483.4
2022-03-28,4575.52,1.098189,47128.0,7473.1
2022-03-29,4631.6,1.099384,47465.73,7537.3
2022-03-30,4602.45,1.109152,47062.66,7578.8
2022-03-31,4530.41,1.116184,45538.68,7515.7
2022-04-01,4545.86,1.107236,46281.64,7537.9
2022-04-04,4582.64,1.104728,46622.68,7558.9
2022-04-05,4525.12,1.097586,45555.99,7613.7
2022-04-06,4481.15,1.090643,43206.74,7587.7
2022-04-07,4500.21,1.089823,43503.85,7551.8
2022-04-08,4488.28,1.086484,42287.66,7669.6
2022-04-11,4412.53,1.088495,39521.9,7618.3
2022-04-12,4397.45,1.087796,40127.18,7576.7
2022-04-13,4446.59,1.082614,41166.73,7580.8
2022-04-14,4392.59,1.089657,39935.52,7616.4
2022-04-15,,1.082099,40553.46,
2022-04-18,4391.69,1.081525,40826.21,
2022-04-19,4462.21,1.078179,41502.75,7601.3
2022-04-20,4459.45,1.079447,41374.38,7629.2
2022-04-21,4393.66,1.084987,40527.36,7628.0
2022-04-22,4271.78,1.083518,39740.32,7521.7
2022-04-25,4296.12,1.081105,40458.31,7380.5
2022-04-26,4175.2,1.071421,38117.46,7386.2
2022-04-27,4183.96,1.064362,39241.12,7425.6
2022-04-28,4287.5,1.055509,39773.83,7509.2
2022-04-29,4131.93,1.05042,38609.82,7544.6
2022-05-02,4155.38,1.053596,38529.33,
2022-05-03,4175.48,1.050906,37750.45,7561.3
2022-05-04,4300.17,1.052853,39698.37,7493.5
2022-05-05,4146.87,1.062248,36575.14,7503.3
2022-05-06,4123.34,1.053974,36040.92,7387.9
2022-05-09,3991.24,1.053219,30296.95,7216.6
2022-05-10,4001.05,1.05658,31022.91,7243.2
2022-05-11,3935.18,1.053297,28936.36,7347.7
2022-05-12,3930.08,1.051248,29047.75,7233.3
2022-05-13,4023.89,1.037958,29283.1,7418.2
2022-05-16,4008.01,1.040063,29862.92,7464.8
2022-05-17,4088.85,1.043896,30425.86,7518.4
2022-05-18,3923.68,1.054786,28720.27,7438.1
2022-05-19,3900.79,1.047274,30314.33,7302.7
2022-05-20,3901.36,1.057899,29200.74,7390.0
2022-05-23,3973.75,1.056982,29098.91,7513.4
2022-05-24,3941.48,1.068205,29655.59,7484.4
2022-05-25,3978.73,1.073653,29562.36,7522.8
2022-05-26,4057.84,1.068661,29267.22,7564.9
2022-05-27,4158.24,1.073295,28627.57,7585.5
2022-05-30,,1.073146,31726.39,7600.1
2022-05-31,4132.15,1.077354,31792.31,7607.7
2022-06-01,4101.23,1.073411,29799.08,7533.0
2022-06-02,4176.82,1.065417,30467.49,
2022-06-03,4108.54,1.075107,29704.39,
2022-06-06,4121.43,1.072605,31370.67,7608.2
2022-06-07,4160.68,1.069141,31155.48,7598.9
2022-06-08,4115.77,1.069862,30214.36,7593.0
2022-06-09,4017.82,1.071765,30112.0,7476.2
2022-06-10,3900.86,1.061921,29083.8,7317.5
2022-06-13,3749.63,1.048999,22487.39,7205.8
2022-06-14,3735.48,1.041515,22206.79,7187.5
2022-06-15,3789.99,1.044059,22572.84,7273.4
2022-06-16,3666.77,1.04562,20381.65,7045.0
2022-06-17,3674.84,1.054685,20471.48,7016.3
2022-06-20,,1.049142,20599.54,7121.8
2022-06-21,3764.79,1.052078,20710.6,7152.1
2022-06-22,3759.89,1.053264,19987.03,7089.2
2022-06-23,3795.73,1.056412,21085.88,7020.5
2022-06-24,3911.74,1.052011,21231.66,7208.8
2022-06-27,3900.11,1.056613,20735.48,7258.3
2022-06-28,3821.55,1.058089,20280.63,7323.4
2022-06-29,3818.83,1.052355,20104.02,7312.3
2022-06-30,3785.38,1.044659,19784.73,7169.3
2022-07-01,3825.33,1.047768,19269.37,7168.7
2022-07-04,,1.043395,20231.26,7232.7
2022-07-05,3831.39,1.043319,20190.12,7025.5
2022-07-06,3845.08,1.025767,20548.25,7107.8
2022-07-07,3902.62,1.018641,21637.59,7189.1
2022-07-08,3899.38,1.016984,21731.12,7196.2
2022-07-11,3854.43,1.016611,19970.56,7196.6
2022-07-12,3818.8,1.004753,19323.91,7209.9
2022-07-13,3801.78,1.003311,20212.07,7156.4
2022-07-14,3790.38,1.003271,20569.92,7039.8
2022-07-15,3863.16,1.002567,20836.33,7159.0
2022-07-18,3830.85,1.009632,22485.69,7223.2
2022-07-19,3936.69,1.014518,23389.43,7296.3
2022-07-20,3959.9,1.023133,23231.73,7264.3
2022-07-21,3998.95,1.018278,23164.63,7270.5
2022-07-22,3961.63,1.022108,22714.98,7276.4
2022-07-25,3966.84,1.020023,21361.7,7306.3
2022-07-26,3921.05,1.022495,21239.75,7306.3
2022-07-27,4023.61,1.012956,22930.55,7348.2
2022-07-28,4072.43,1.020929,23843.89,7345.3
2022-07-29,4130.29,1.019233,23804.63,7423.4
2022-08-01,4118.63,1.020825,23314.2,7413.4
2022-08-02,4091.19,1.026136,22978.12,7409.1
2022-08-03,4155.17,1.015569,22846.51,7445.7
2022-08-04,4151.94,1.015765,22630.96,7448.1
2022-08-05,4145.19,1.024779,23289.31,7439.7
2022-08-08,4140.06,1.017087,23809.49,7482.4
2022-08-09,4122.47,1.019763,23164.32,7488.2
2022-08-10,4210.24,1.020814,23947.64,7507.1
2022-08-11,4207.27,1.030078,23957.53,7465.9
2022-08-12,4280.15,1.031672,24402.82,7500.9
2022-08-15,4297.14,1.025641,24136.97,7509.2
2022-08-16,4305.2,1.016198,23883.29,7536.1
2022-08-17,4274.04,1.017066,23336.0,7515.8
2022-08-18,4283.74,1.018019,23212.74,7541.9
2022-08-19,4228.48,1.00899,20877.55,7550.4
2022-08-22,4137.99,1.003522,21398.91,7533.8
2022-08-23,4128.73,0.993947,21528.09,7488.1
2022-08-24,4140.77,0.996691,21395.02,7471.5
2022-08-25,4199.12,0.99691,21600.9,7479.7
2022-08-26,4057.66,0.997128,20260.02,7427.3
2022-08-29,4030.61,0.993868,20297.99,
2022-08-30,3986.16,1.001402,19796.81,7361.6
2022-08-31,3955.0,1.002506,20049.76,7284.2
2022-09-01,3966.85,1.003905,20127.14,7148.5
2022-09-02,3924.26,0.995233,19969.77,7281.2
2022-09-05,,0.990943,19812.37,7287.4
2022-09-06,3908.19,0.995223,18837.67,7300.4
2022-09-07,3979.87,0.989795,19290.32,7237.8
2022-09-08,4006.18,0.99957,19329.83,7262.1
2022-09-09,4067.36,1.001202,21381.15,7351.1
2022-09-12,4110.41,1.007141,22370.45,7473.0
2022-09-13,3932.69,1.012956,20296.71,7385.9
2022-09-14,3946.01,0.998203,20241.09,7277.3
2022-09-15,3901.35,0.998403,19701.21,7282.1
2022-09-16,3873.33,0.998831,19772.58,7236.7
2022-09-19,3899.89,1.002235,19544.13,
2022-09-20,3855.93,1.002959,18890.79,7192.7
2022-09-21,3789.93,0.997079,18547.4,7237.6
2022-09-22,3757.99,0.983072,19413.55,7159.5
2022-09-23,3693.23,0.984155,19297.64,7018.6
2022-09-26,3655.04,0.968992,19222.67,7021.0
2022-09-27,3647.29,0.962371,19110.55,6984.6
2022-09-28,3719.04,0.959619,19426.72,7005.4
2022-09-29,3640.47,0.970817,19573.05,6881.6
2022-09-30,3585.62,0.982956,19431.79,6893.8
2022-10-03,3678.43,0.979269,19623.58,6908.8
2022-10-04,3790.93,0.983207,20336.84,7086.5
2022-10-05,3783.28,0.998432,20160.72,7052.6
2022-10-06,3744.52,0.9911,19955.44,6997.3
2022-10-07,3639.66,0.978905,19546.85,6991.1
2022-10-10,3612.39,0.973501,19141.48,6959.3
2022-10-11,3588.84,0.971006,19051.42,6885.2
2022-10-12,3577.03,0.970017,19157.45,6826.2
2022-10-13,3669.91,0.970798,19382.9,6850.3
2022-10-14,3583.07,0.975134,19185.66,6858.8
2022-10-17,3677.95,0.973937,19550.76,6920.2
2022-10-18,3719.98,0.98464,19334.42,6936.7
2022-10-19,3695.16,0.986388,19139.54,6925.0
2022-10-20,3665.78,0.976648,19053.74,6943.9
2022-10-21,3752.75,0.97789,19172.47,6969.7
2022-10-24,3797.34,0.986009,19345.57,7014.0
2022-10-25,3859.11,0.98865,20095.86,7013.5
2022-10-26,3830.6,0.996373,20770.44,7056.1
2022-10-27,3807.3,1.009194,20285.84,7073.7
2022-10-28,3901.06,0.99678,20595.35,7047.7
2022-10-31,3871.98,0.9955,20495.77,7094.5
2022-11-01,3856.1,0.988631,20485.27,7186.2
2022-11-02,3759.69,0.987791,20159.5,7144.1
2022-11-03,3719.89,0.981441,20209.99,7188.6
2022-11-04,3770.55,0.974963,21147.23,7334.8
2022-11-07,3806.8,0.992881,20602.82,7300.0
2022-11-08,3828.11,1.001863,18541.27,7306.1
2022-11-09,3748.57,1.008085,15880.78,7296.3
2022-11-10,3956.37,1.001954,17586.77,7375.3
2022-11-11,3992.93,1.019222,17034.29,7318.0
2022-11-14,3957.25,1.032855,16618.2,7385.2
2022-11-15,3991.73,1.031928,16884.61,7369.4
2022-11-16,3958.79,1.035786,16669.44,7351.2
2022-11-17,3946.56,1.039501,16687.52,7346.5
2022-11-18,3965.34,1.036173,16697.78,7385.5
2022-11-21,3949.94,1.03309,15787.28,7376.9
2022-11-22,4003.58,1.024569,16189.77,7452.8
2022-11-23,4027.26,1.031109,16610.71,7465.2
2022-11-24,,1.041623,16604.46,7466.6
2022-11-25,4026.12,1.04081,16521.84,7486.7
2022-11-28,3963.94,1.036753,16217.32,7474.0
2022-11-29,3957.63,1.034554,16444.98,7512.0
2022-11-30,4080.11,1.03245,17168.57,7573.1
2022-12-01,4076.57,1.042535,16967.13,7558.5
2022-12-02,4071.7,1.052842,17088.66,7556.2
2022-12-05,3998.84,1.054419,16974.83,7567.5
2022-12-06,3941.26,1.049692,17089.5,7521.4
2022-12-07,3933.92,1.046901,16848.13,7489.2
2022-12-08,3963.51,1.051326,17233.47,7472.2
2022-12-09,3934.38,1.055966,17133.15,7476.6
2022-12-12,3990.56,1.052222,17206.44,7446.0
2022-12-13,4019.65,1.054174,17781.32,7502.9
2022-12-14,3995.32,1.062665,17815.65,7495.9
2022-12-15,3895.75,1.067635,17364.87,7426.2
2022-12-16,3852.36,1.064056,16647.48,7332.1
2022-12-19,3817.66,1.058504,16439.68,7361.3
2022-12-20,3821.62,1.061458,16906.3,7370.6
2022-12-21,3878.44,1.062699,16817.54,7497.3
2022-12-22,3822.39,1.061008,16830.34,7469.3
2022-12-23,3844.82,1.060333,16796.95,7473.0
2022-12-26,,1.06678,16919.8,
2022-12-27,3829.25,1.064022,16717.17,
2022-12-28,3783.22,1.063717,16552.57,7497.2
2022-12-29,3849.28,1.062925,16642.34,7512.7
2022-12-30,3839.5,1.066075,16602.59,7451.7
2023-01-02,,1.070973,16688.47,
2023-01-03,3824.14,1.067771,16679.86,7554.1
2023-01-04,3852.97,1.054685,16863.24,7585.2
2023-01-05,3808.1,1.060637,16836.74,7633.5
2023-01-06,3895.08,1.052222,16951.97,7699.5
2023-01-09,3892.09,1.065632,17196.55,7724.9
2023-01-10,3919.25,1.073318,17446.29,7694.5
2023-01-11,3969.61,1.073895,17934.9,7725.0
2023-01-12,3983.17,1.0766,18869.59,7794.0
2023-01-13,3999.09,1.086024,19909.57,7844.1
2023-01-16,,1.082462,21169.63,7860.1
2023-01-17,3990.97,1.083013,21161.52,7851.0
2023-01-18,3928.86,1.079331,20688.78,7830.7
2023-01-19,3898.85,1.079785,21086.79,7747.3
2023-01-20,3972.61,1.083388,22676.55,7770.6
2023-01-23,4019.81,1.086508,22934.43,7784.7
2023-01-24,4016.95,1.087429,22636.47,7757.4
2023-01-25,4016.22,1.088815,23117.86,7744.9
2023-01-26,4060.43,1.092204,23032.78,7761.1
2023-01-27,4070.56,1.089443,23078.73,7765.2
2023-01-30,4017.77,1.087146,22840.14,7784.9
2023-01-31,4076.6,1.085069,23139.28,7771.7
2023-02-01,4119.21,1.086095,23723.77,7761.1
2023-02-02,4179.76,1.101285,23471.87,7820.2
2023-02-03,4136.48,1.090513,23449.32,7901.8
2023-02-06,4111.08,1.079086,22760.11,7836.7
2023-02-07,4164.0,1.073076,23264.29,7864.7
2023-02-08,4117.86,1.072973,22939.4,7885.2
2023-02-09,4081.5,1.071582,21819.04,7911.2
2023-02-10,4090.46,1.074229,21651.18,7882.5
2023-02-13,4137.29,1.067771,21808.1,7947.6
2023-02-14,4136.13,1.073042,22220.8,7953.9
2023-02-15,4147.6,1.073572,24307.84,7997.8
2023-02-16,4090.41,1.069176,23623.47,8012.5
2023-02-17,4079.09,1.066576,24565.6,8004.4
2023-02-20,,1.068444,24829.15,8014.3
2023-02-21,3997.34,1.068262,24436.35,7977.8
2023-02-22,3991.05,1.065201,24188.84,7930.6
2023-02-23,4012.32,1.06058,23947.49,7907.7
2023-02-24,3970.04,1.059805,23198.13,7878.7
2023-02-27,3982.24,1.055476,23522.87,7935.1
2023-02-28,3970.15,1.061121,23147.35,7876.3
2023-03-01,3951.39,1.057731,23646.55,7914.9
2023-03-02,3981.35,1.066894,23475.47,7944.0
2023-03-03,4045.64,1.059973,22362.68,7947.1
2023-03-06,4048.42,1.06262,22429.76,7929.8
2023-03-07,3986.37,1.068833,22219.77,7919.5
2023-03-08,3992.01,1.055075,21718.08,7929.9
2023-03-09,3918.32,1.054953,20363.02,7880.0
2023-03-10,3861.59,1.05847,20187.24,7748.4
2023-03-13,3855.76,1.068365,24197.53,7548.6
2023-03-14,3919.29,1.072501,24746.07,7637.1
2023-03-15,3891.93,1.072766,24375.96,7344.5
2023-03-16,3960.28,1.058335,25052.79,7410.0
2023-03-17,3916.64,1.061413,27423.93,7335.4
2023-03-20,3951.57,1.067886,27767.24,7403.9
2023-03-21,4002.87,1.071915,28175.82,7536.2
2023-03-22,3936.97,1.077424,27307.44,7566.8
2023-03-23,3948.72,1.087039,28333.97,7499.6
2023-03-24,3970.99,1.083506,27493.29,7405.5
2023-03-27,3977.53,1.077819,27139.89,7471.8
2023-03-28,3971.27,1.080707,27268.13,7484.3
2023-03-29,4027.81,1.083952,28348.44,7564.3
2023-03-30,4050.83,1.084363,28033.56,7620.4
2023-03-31,4109.31,1.090465,28478.48,7631.7
2023-04-03,4124.51,1.080334,27790.22,7673.0
2023-04-04,4100.6,1.091227,28168.09,7634.5
2023-04-05,4090.38,1.096011,28177.98,7662.9
2023-04-06,4105.02,1.090334,28044.14,7741.6
2023-04-07,,1.092013,27925.86,
2023-04-10,4109.11,1.091358,29652.98,
2023-04-11,4108.94,1.086933,30235.06,7785.7
2023-04-12,4091.95,1.091751,30139.05,7824.8
2023-04-13,4146.22,1.099989,30399.07,7843.4
2023-04-14,4137.64,1.105461,30485.7,7871.9
2023-04-17,4151.32,1.09866,29445.04,7879.5
2023-04-18,4154.87,1.092538,30397.55,7909.4
2023-04-19,4154.52,1.097538,28822.68,7898.8
2023-04-20,4129.79,1.095218,28245.99,7902.6
2023-04-21,4133.52,1.097093,27276.91,7914.1
2023-04-24,4137.04,1.099227,27525.34,7912.2
2023-04-25,4071.63,1.10595,28307.6,7891.1
2023-04-26,4055.99,1.097839,28422.7,7852.6
2023-04-27,4135.35,1.104728,29473.79,7831.6
2023-04-28,4169.48,1.103205,29340.26,7870.6
2023-05-01,4167.87,1.101091,28091.57,
2023-05-02,4119.58,1.096924,28680.54,7773.0
2023-05-03,4090.75,1.101091,29006.31,7788.4
2023-05-04,4061.22,1.106893,28847.71,7702.6
2023-05-05,4136.25,1.102293,29534.38,7778.4
2023-05-08,4138.12,1.101868,27694.27,
2023-05-09,4119.17,1.099614,27658.78,7764.1
2023-05-10,4137.64,1.096467,27621.76,7741.3
2023-05-11,4130.62,1.098406,27000.79,7730.6
2023-05-12,4124.08,1.091215,26804.99,7754.6
2023-05-15,4136.28,1.08527,27192.69,7777.7
2023-05-16,4109.9,1.08737,27036.65,7751.1
2023-05-17,4158.77,1.086567,27398.8,7723.2
2023-05-18,4198.05,1.083835,26832.21,7742.3
2023-05-19,4191.98,1.07754,26890.13,7756.9
2023-05-22,4192.63,1.082275,26851.28,7771.0
2023-05-23,4145.58,1.081105,27225.73,7763.0
2023-05-24,4115.24,1.076971,26334.82,7627.1
2023-05-25,4151.28,1.075732,26476.21,7570.9
2023-05-26,4205.45,1.072444,26719.29,7627.2
2023-05-29,,1.072306,27745.88,
2023-05-30,4205.52,1.070767,27702.35,7522.1
2023-05-31,4179.83,1.073307,27219.66,7446.1
2023-06-01,4221.02,1.069519,26819.97,7490.3
2023-06-02,4282.37,1.076079,27249.59,7607.3
2023-06-05,4273.79,1.069862,25760.1,7600.0
2023-06-06,4283.85,1.07118,27238.78,7628.1
2023-06-07,4267.52,1.069805,26346.0,7624.3
2023-06-08,4293.93,1.070744,26508.22,7599.7
2023-06-09,4298.86,1.078272,26480.38,7562.4
2023-06-12,4338.93,1.075095,25902.5,7570.7
2023-06-13,4369.01,1.076299,25918.73,7594.8
2023-06-14,4372.59,1.078935,25124.68,7602.7
2023-06-15,4425.84,1.084305,25576.39,7628.3
2023-06-16,4409.59,1.094595,26327.46,7642.7
2023-06-19,,1.094212,26851.03,7588.5
2023-06-20,4388.71,1.09243,28327.49,7569.3
2023-06-21,4365.69,1.092037,30027.3,7559.2
2023-06-22,4381.89,1.099264,29912.28,7502.0
2023-06-23,4348.33,1.09589,30695.47,7461.9
2023-06-26,4328.82,1.090667,30271.13,7453.6
2023-06-27,4378.41,1.091048,30688.16,7461.5
2023-06-28,4376.86,1.095722,30086.25,7500.5
2023-06-29,4396.44,1.091584,30445.35,7471.7
2023-06-30,4450.38,1.086803,30477.25,7531.5
2023-07-03,4455.59,1.09075,31156.44,7527.3
2023-07-04,,1.09131,30777.58,7519.7
2023-07-05,4446.82,1.088495,30514.17,7442.1
2023-07-06,4411.59,1.085658,29909.34,7280.5
2023-07-07,4398.95,1.089064,30342.27,7256.9
2023-07-10,4409.53,1.096972,30414.47,7273.8
2023-07-11,4439.26,1.100594,30620.95,7282.5
2023-07-12,4472.16,1.101406,30391.65,7416.1
2023-07-13,4510.04,1.114455,31476.05,7440.2
2023-07-14,4505.42,1.122347,30334.07,7434.6
2023-07-17,4522.79,1.122776,30145.89,7406.4
2023-07-18,4554.98,1.12376,29856.56,7453.7
2023-07-19,4565.72,1.122889,29913.92,7588.2
2023-07-20,4534.87,1.120523,29792.02,7646.1
2023-07-21,4536.34,1.11371,29908.74,7663.7
2023-07-24,4554.64,1.112533,29176.92,7678.6
2023-07-25,4567.46,1.106317,29227.39,7691.8
2023-07-26,4566.75,1.105046,29354.97,7676.9
2023-07-27,4537.41,1.107837,29210.69,7692.8
2023-07-28,4582.23,1.097876,29319.25,7694.3
2023-07-31,4588.96,1.102426,29230.11,7699.4
2023-08-01,4576.73,1.099759,29675.73,7666.3
2023-08-02,4513.39,1.100788,29151.96,7561.6
2023-08-03,4501.89,1.094415,29178.68,7529.2
2023-08-04,4478.03,1.095158,29074.09,7564.4
2023-08-07,4518.44,1.100267,29180.58,7554.5
2023-08-08,4499.38,1.100316,29765.49,7527.4
2023-08-09,4467.71,1.09589,29561.49,7587.3
2023-08-10,4468.83,1.097767,29429.59,7618.6
2023-08-11,4464.05,1.098165,29397.71,7524.2
2023-08-14,4489.72,1.094439,29408.44,7507.2
2023-08-15,4437.86,1.090988,29170.35,7389.6
2023-08-16,4404.33,1.090417,28701.78,7356.9
2023-08-17,4370.36,1.087488,26664.55,7310.2
2023-08-18,4369.71,1.087465,26049.56,7262.4
2023-08-21,4399.77,1.087559,26124.14,7257.8
2023-08-22,4387.55,1.089835,26031.66,7270.8
2023-08-23,4436.01,1.084669,26431.64,7320.5
2023-08-24,4376.31,1.086579,26162.37,7333.6
2023-08-25,4405.71,1.079914,26047.67,7338.6
2023-08-28,4433.31,1.079739,26106.15,
2023-08-29,4497.63,1.082556,27727.39,7465.0
2023-08-30,4514.87,1.086921,27297.27,7473.7
2023-08-31,4507.66,1.093255,25931.47,7439.1
2023-09-01,4515.77,1.08441,25800.72,7464.5
2023-09-04,,1.077586,25812.42,7452.8
2023-09-05,4496.83,1.079447,25779.98,7437.9
2023-09-06,4465.48,1.072616,25753.24,7426.1
2023-09-07,4451.14,1.07242,26240.2,7441.7
2023-09-08,4457.49,1.069782,25905.65,7478.2
2023-09-11,4487.46,1.071811,25162.65,7496.9
2023-09-12,4461.9,1.075038,25833.34,7527.5
2023-09-13,4467.44,1.075327,26228.32,7526.0
2023-09-14,4505.1,1.073422,26539.67,7673.1
2023-09-15,4450.32,1.063717,26608.69,7711.4
2023-09-18,4453.53,1.066826,26754.28,7652.9
2023-09-19,4443.95,1.069267,27211.12,7660.2
2023-09-20,4402.2,1.068205,27132.01,7731.7
2023-09-21,4330.0,1.065303,26567.63,7678.6
2023-09-22,4320.06,1.066155,26579.57,7683.9
2023-09-25,4337.44,1.064849,26298.48,7624.0
2023-09-26,4273.53,1.059165,26217.25,7625.7
2023-09-27,4274.51,1.056948,26352.72,7593.2
2023-09-28,4299.7,1.050531,27021.55,7601.9
2023-09-29,4288.05,1.056245,26911.72,7608.1
2023-10-02,4288.39,1.056524,27530.79,7510.7
2023-10-03,4229.45,1.048075,27429.98,7470.2
2023-10-04,4263.75,1.04723,27799.39,7412.5
2023-10-05,4258.19,1.050707,27415.91,7451.5
2023-10-06,4308.5,1.054663,27946.6,7494.6
2023-10-09,4335.66,1.056747,27583.68,7492.2
2023-10-10,4358.24,1.057888,27391.02,7628.2
2023-10-11,4376.95,1.060479,26873.32,7620.0
2023-10-12,4349.61,1.062428,26756.8,7644.8
2023-10-13,4327.78,1.053674,26862.38,7599.6
2023-10-16,4373.63,1.052155,28519.47,7630.6
2023-10-17,4373.2,1.055431,28415.75,7675.2
2023-10-18,4314.6,1.057306,28328.34,7588.0
2023-10-19,4278.0,1.053852,28719.81,7499.5
2023-10-20,4224.16,1.058649,29682.95,7402.1
2023-10-23,4217.04,1.058997,33086.23,7374.8
2023-10-24,4247.68,1.066985,33901.53,7389.7
2023-10-25,4186.77,1.059535,34502.82,7414.3
2023-10-26,4137.23,1.056725,34156.65,7354.6
2023-10-27,4117.37,1.056446,33909.8,7291.3
2023-10-30,4166.82,1.056245,34502.36,7327.4
2023-10-31,4193.8,1.061504,34667.78,7321.7
2023-11-01,4237.86,1.05791,35437.25,7342.4
2023-11-02,4317.78,1.058705,34938.24,7446.5
2023-11-03,4358.34,1.061909,34732.32,7417.7
2023-11-06,4365.98,1.073215,35037.37,7417.8
2023-11-07,4378.38,1.072156,35443.56,7410.0
2023-11-08,4382.78,1.06961,35655.28,7401.7
2023-11-09,4347.35,1.071042,36693.12,7455.7
2023-11-10,4415.24,1.066758,37313.97,7360.6
2023-11-13,4411.55,1.069016,36502.36,7425.8
2023-11-14,4495.7,1.070183,35537.64,7440.5
2023-11-15,4502.88,1.087831,37880.58,7486.9
2023-11-16,4508.24,1.085458,36154.77,7411.0
2023-11-17,4514.02,1.085376,36596.68,7504.3
2023-11-20,4547.38,1.090703,37476.96,7496.4
2023-11-21,4538.19,1.094595,35813.81,7482.0
2023-11-22,4556.62,1.091822,37432.34,7469.5
2023-11-23,,1.089087,37289.62,7483.6
2023-11-24,4559.34,1.090631,37720.28,7488.2
2023-11-27,4550.43,1.094044,37254.17,7460.7
2023-11-28,4554.89,1.095842,37831.09,7455.2
2023-11-29,4550.58,1.100594,37858.49,7423.5
2023-11-30,4567.8,1.09737,37712.75,7453.8
2023-12-01,4594.63,1.089206,38688.75,7529.4
2023-12-04,4569.78,1.088815,41980.1,7513.0
2023-12-05,4567.18,1.083776,44080.65,7489.8
2023-12-06,4549.34,1.079366,43746.45,7515.4
2023-12-07,4585.59,1.07667,43292.66,7513.7
2023-12-08,4604.37,1.079214,44166.6,7554.5
2023-12-11,4622.44,1.076577,41243.83,7544.9
2023-12-12,4643.7,1.076658,41450.22,7542.8
2023-12-13,4707.09,1.079867,42890.74,7548.4
2023-12-14,4719.55,1.088613,43023.97,7649.0
2023-12-15,4719.19,1.09936,41929.76,7576.4
2023-12-18,4740.56,1.089526,42623.54,7614.5
2023-12-19,4768.37,1.092383,42270.53,7638.0
2023-12-20,4698.35,1.098105,43652.25,7715.7
2023-12-21,4746.75,1.094571,43869.15,7694.7
2023-12-22,4754.63,1.100619,43997.9,7697.5
2023-12-25,,1.102657,43613.14,
2023-12-26,4774.75,1.102026,42520.4,
2023-12-27,4781.58,1.104301,43442.86,7725.0
2023-12-28,4783.35,1.110864,42627.86,7722.7
2023-12-29,4769.83,1.106819,42099.4,7733.2
2024-01-01,,1.105583,44167.33,
2024-01-02,4742.83,1.103875,44957.97,7721.5
2024-01-03,4704.81,1.094176,42848.18,7682.3
2024-01-04,4688.68,1.092777,44179.92,7723.1
2024-01-05,4697.24,1.094739,44162.69,7689.6
2024-01-08,4763.54,1.094224,46970.5,7694.2
2024-01-09,4756.5,1.09517,46139.73,7684.0
2024-01-10,4783.45,1.093243,46627.78,7651.8
2024-01-11,4780.24,1.097514,46368.59,7576.6
2024-01-12,4783.83,1.098165,42853.17,7624.9
2024-01-15,,1.094571,42511.97,7594.9
2024-01-16,4765.98,1.094571,43154.95,7558.3
2024-01-17,4739.21,1.087879,42742.65,7446.3
2024-01-18,4780.94,1.088578,41262.06,7459.1
2024-01-19,4839.81,1.087914,41618.41,7461.9
2024-01-22,4850.43,1.08923,39507.37,7487.7
2024-01-23,4864.6,1.088021,39845.55,7485.7
2024-01-24,4868.55,1.085788,40077.07,7527.7
2024-01-25,4894.16,1.088175,39933.81,7529.7
2024-01-26,4890.97,1.084705,41816.87,7635.1
2024-01-29,4927.93,1.084352,43288.25,7632.7
2024-01-30,4924.97,1.083447,42952.61,7666.3
2024-01-31,4845.65,1.08434,42582.61,7630.6
2024-02-01,4906.19,1.080392,43075.77,7622.2
2024-02-02,4958.61,1.087465,43185.86,7615.5
2024-02-05,4942.81,1.078004,42658.67,7612.9
2024-02-06,4954.23,1.074183,43084.67,7681.0
2024-02-07,4995.06,1.07572,44318.22,7628.8
2024-02-08,4997.91,1.077575,45301.57,7595.5
2024-02-09,5026.61,1.077726,47147.2,7572.6
2024-02-12,5021.84,1.07982,49958.22,7573.7
2024-02-13,4953.17,1.077226,49742.44,7512.3
2024-02-14,5000.62,1.070893,51826.7,7568.4
2024-02-15,5029.73,1.073215,51938.55,7597.5
2024-02-16,5005.57,1.077389,52160.2,7711.7
2024-02-19,,1.078493,51779.14,7728.5
2024-02-20,4975.51,1.07754,52284.88,7719.2
2024-02-21,4981.8,1.081315,51839.18,7662.5
2024-02-22,5087.03,1.08204,51304.97,7684.5
2024-02-23,5088.8,1.082567,50731.95,7706.3
2024-02-26,5069.53,1.082005,54522.4,7684.3
2024-02-27,5078.18,1.085093,57085.37,7683.0
2024-02-28,5069.76,1.084481,62504.79,7625.0
2024-02-29,5096.27,1.083882,61198.38,7630.0
2024-03-01,5137.08,1.080497,62440.63,7682.5
2024-03-04,5130.95,1.084269,68330.41,7640.3
2024-03-05,5078.65,1.085517,63801.2,7646.2
2024-03-06,5104.76,1.0856,66106.8,7679.3
2024-03-07,5157.36,1.089954,66925.48,7692.5
2024-03-08,5123.69,1.095014,68300.09,7659.7
2024-03-11,5117.94,1.094296,72123.91,7669.2
2024-03-12,5175.27,1.093135,71481.29,7747.8
2024-03-13,5165.31,1.092777,73083.5,7772.2
2024-03-14,5150.48,1.09553,71396.59,7743.2
2024-03-15,5117.09,1.088341,69403.77,7727.4
2024-03-18,5149.42,1.088258,67548.59,7722.6
2024-03-19,5178.51,1.087394,61912.77,7738.3
2024-03-20,5224.62,1.086331,67913.67,7737.4
2024-03-21,5241.53,1.093721,65491.39,7882.6
2024-03-22,5234.18,1.086236,63778.76,7930.9
2024-03-25,5218.19,1.080754,69958.81,7917.6
2024-03-26,5203.58,1.083823,69987.84,7931.0
2024-03-27,5248.49,1.083236,69455.34,7932.0
2024-03-28,5254.35,1.081338,70744.95,7952.6
2024-03-29,,1.079447,69892.83,
2024-04-01,5243.77,1.079273,69702.15,
2024-04-02,5205.81,1.073722,65446.97,7935.1
2024-04-03,5211.49,1.076855,65980.81,7937.4
2024-04-04,5147.21,1.083835,68508.84,7975.9
2024-04-05,5204.34,1.083705,67837.64,7911.2
2024-04-08,5202.39,1.083048,71631.36,7943.5
2024-04-09,5209.91,1.086366,69139.02,7934.8
2024-04-10,5160.64,1.08593,70587.88,7961.2
2024-04-11,5199.06,1.074172,70060.61,7923.8
2024-04-12,5123.41,1.072685,67195.87,7995.6
2024-04-15,5061.82,1.064963,63426.21,7965.5
2024-04-16,5051.41,1.062575,63811.86,7820.4
2024-04-17,5022.21,1.062146,61276.69,7848.0
2024-04-18,5011.12,1.06694,63512.75,7877.1
2024-04-19,4967.23,1.064419,63843.57,7895.9
2024-04-22,5010.6,1.065825,66837.68,8023.9
2024-04-23,5070.55,1.065405,66407.27,8044.8
2024-04-24,5071.63,1.070435,64276.9,8040.4
2024-04-25,5048.42,1.069988,64481.71,8078.9
2024-04-26,5099.96,1.072961,63755.32,8139.8
2024-04-29,5116.17,1.070687,63841.12,8147.0
2024-04-30,5035.69,1.07157,60636.86,8144.1
